{
  "00": {
    "text": "test00",
    "font_family": "Times New Roman",
    "font_size": 38,
    "bold": true,
    "italic": true,
    "color": [
      230,
      44,
      255,
      255
    ],
    "opacity": 1.0,
    "position": [
      0.26164513238524695,
      0.7567877590919068
    ]
  }
}